INSERT INTO `heroku_e3e846e07a0fb3d`.`administrator` (`IDADMINISTRATOR`, `FIRSTNAMEADMINISTRATOR`, `LASTNAMEADMINISTRATOR`, `PASSWORDADMINISTRATOR`, `USERADMINISTRATOR`, `EMAILADMINISTRATOR`) 
VALUES ('1727791731', 'Jose', 'Ramirez', 'holamundo', 'jose12', 'jose@hotmail.com');
INSERT INTO `heroku_e3e846e07a0fb3d`.`administrator` (`IDADMINISTRATOR`, `FIRSTNAMEADMINISTRATOR`, `LASTNAMEADMINISTRATOR`, `PASSWORDADMINISTRATOR`, `USERADMINISTRATOR`, `EMAILADMINISTRATOR`) 
VALUES ('1707461834', 'Manuela', 'Caiza', 'query123', 'manu45', 'manuela@gmail.com');
INSERT INTO `heroku_e3e846e07a0fb3d`.`administrator` (`IDADMINISTRATOR`, `FIRSTNAMEADMINISTRATOR`, `LASTNAMEADMINISTRATOR`, `PASSWORDADMINISTRATOR`, `USERADMINISTRATOR`, `EMAILADMINISTRATOR`) 
VALUES ('1700773888', 'Kevin', 'Cruz', 'mayo254', 'kev78', 'kev@outlook.com');
INSERT INTO `heroku_e3e846e07a0fb3d`.`administrator` (`IDADMINISTRATOR`, `FIRSTNAMEADMINISTRATOR`, `LASTNAMEADMINISTRATOR`, `PASSWORDADMINISTRATOR`, `USERADMINISTRATOR`, `EMAILADMINISTRATOR`) 
VALUES ('1794652153', 'Sebastian', 'Peralbo', 'papas125', 'sebas02', 'sebas@gmail.com');
INSERT INTO `heroku_e3e846e07a0fb3d`.`administrator` (`IDADMINISTRATOR`, `FIRSTNAMEADMINISTRATOR`, `LASTNAMEADMINISTRATOR`, `PASSWORDADMINISTRATOR`, `USERADMINISTRATOR`, `EMAILADMINISTRATOR`) 
VALUES ('1789632014', 'Lucia', 'Martinez', 'tijera154', 'luci789', 'lucia@hotmail.com');
INSERT INTO `heroku_e3e846e07a0fb3d`.`administrator` (`IDADMINISTRATOR`, `FIRSTNAMEADMINISTRATOR`, `LASTNAMEADMINISTRATOR`, `PASSWORDADMINISTRATOR`, `USERADMINISTRATOR`, `EMAILADMINISTRATOR`) 
VALUES ('1744110025', 'Miguel', 'Bose', 'regla785', 'miguel444', 'miguel2@hotmail.com');
INSERT INTO `heroku_e3e846e07a0fb3d`.`administrator` (`IDADMINISTRATOR`, `FIRSTNAMEADMINISTRATOR`, `LASTNAMEADMINISTRATOR`, `PASSWORDADMINISTRATOR`, `USERADMINISTRATOR`, `EMAILADMINISTRATOR`) 
VALUES ('1748963025', 'Dario', 'Vera', 'lana478', 'dario325', 'dario1@gmail.com');
INSERT INTO `heroku_e3e846e07a0fb3d`.`administrator` (`IDADMINISTRATOR`, `FIRSTNAMEADMINISTRATOR`, `LASTNAMEADMINISTRATOR`, `PASSWORDADMINISTRATOR`, `USERADMINISTRATOR`, `EMAILADMINISTRATOR`) 
VALUES ('1702563958', 'Diego', 'Molina', 'papel252', 'diego741', 'diego@gmail.com');
INSERT INTO `heroku_e3e846e07a0fb3d`.`administrator` (`IDADMINISTRATOR`, `FIRSTNAMEADMINISTRATOR`, `LASTNAMEADMINISTRATOR`, `PASSWORDADMINISTRATOR`, `USERADMINISTRATOR`, `EMAILADMINISTRATOR`) 
VALUES ('1745236985', 'Teresa', 'Guerra', 'goma874', 'tere412', 'tere25@gmail.com');
INSERT INTO `heroku_e3e846e07a0fb3d`.`administrator` (`IDADMINISTRATOR`, `FIRSTNAMEADMINISTRATOR`, `LASTNAMEADMINISTRATOR`, `PASSWORDADMINISTRATOR`, `USERADMINISTRATOR`, `EMAILADMINISTRATOR`) 
VALUES ('1798563201', 'Julio', 'Jaramillo', 'cinta887', 'julio12', 'julio@outlook.com');

INSERT INTO `heroku_e3e846e07a0fb3d`.`place` (`IDPLACE`, `NAMEPLACE`, `PROVINCEPLACE`, `CANTONPLACE`, `ADDRESSPLACE`, `CONTACTPLACE`, `ACTIVITIESPLACE`) 
VALUES ('AB12', 'Panecillo', 'Pichincha', 'Quito', 'Centro de Quito', '0996587412', 'Comer');
INSERT INTO `heroku_e3e846e07a0fb3d`.`place` (`IDPLACE`, `NAMEPLACE`, `PROVINCEPLACE`, `CANTONPLACE`, `ADDRESSPLACE`, `CONTACTPLACE`, `ACTIVITIESPLACE`) 
VALUES ('CD34', 'Casa de los Venados', 'Pichincha', 'Cayambe', 'Av Panamericana 0E35', '0958741254', 'Interactuar con animales');
INSERT INTO `heroku_e3e846e07a0fb3d`.`place` (`IDPLACE`, `NAMEPLACE`, `PROVINCEPLACE`, `CANTONPLACE`, `ADDRESSPLACE`, `CONTACTPLACE`, `ACTIVITIESPLACE`) 
VALUES ('ED25', 'Cascada de Manuel', 'El Oro', 'Machala', 'El Esquinero', '0963652189', 'Nadar,Caminar y comer');
INSERT INTO `heroku_e3e846e07a0fb3d`.`place` (`IDPLACE`, `NAMEPLACE`, `PROVINCEPLACE`, `CANTONPLACE`, `ADDRESSPLACE`, `CONTACTPLACE`, `ACTIVITIESPLACE`) 
VALUES ('QW85', 'Catedral de Machala', 'El Oro', 'Machala', 'Plaza de armas central', '0955487410', 'Caminar, comer y fotografias');
INSERT INTO `heroku_e3e846e07a0fb3d`.`place` (`IDPLACE`, `NAMEPLACE`, `PROVINCEPLACE`, `CANTONPLACE`, `ADDRESSPLACE`, `CONTACTPLACE`, `ACTIVITIESPLACE`) 
VALUES ('VF85', 'Cerro Santa Ana', 'Guayas', 'Guayaquil', 'Av. Rio Esmeraldas', '0935252148', 'Caminar y comer');
INSERT INTO `heroku_e3e846e07a0fb3d`.`place` (`IDPLACE`, `NAMEPLACE`, `PROVINCEPLACE`, `CANTONPLACE`, `ADDRESSPLACE`, `CONTACTPLACE`, `ACTIVITIESPLACE`) 
VALUES ('HJ47', 'Parque Ayora', 'Carchi', 'Tulcan', 'Av. Manabi 63', '0995118125', 'Caminar, comer y comprar');
INSERT INTO `heroku_e3e846e07a0fb3d`.`place` (`IDPLACE`, `NAMEPLACE`, `PROVINCEPLACE`, `CANTONPLACE`, `ADDRESSPLACE`, `CONTACTPLACE`, `ACTIVITIESPLACE`) 
VALUES ('JU69', 'Parque Recreacional Jipiro', 'Loja', 'Loja', 'Velasco Ibarra 1982', '0995142584', 'Caminar, Jugar y comer');
INSERT INTO `heroku_e3e846e07a0fb3d`.`place` (`IDPLACE`, `NAMEPLACE`, `PROVINCEPLACE`, `CANTONPLACE`, `ADDRESSPLACE`, `CONTACTPLACE`, `ACTIVITIESPLACE`) 
VALUES ('TY87', 'Piramides Cochasqui', 'Pichincha', 'Pedro Moncayo', 'Cochasqui', '0885522147', 'Caminar, comer y fotografias');
INSERT INTO `heroku_e3e846e07a0fb3d`.`place` (`IDPLACE`, `NAMEPLACE`, `PROVINCEPLACE`, `CANTONPLACE`, `ADDRESSPLACE`, `CONTACTPLACE`, `ACTIVITIESPLACE`) 
VALUES ('BG63', 'Puerta de la Ciudad', 'Loja', 'Loja', '18 de Noviembre', '0996362547', 'Caminar, Recorrer y Comprar');
INSERT INTO `heroku_e3e846e07a0fb3d`.`place` (`IDPLACE`, `NAMEPLACE`, `PROVINCEPLACE`, `CANTONPLACE`, `ADDRESSPLACE`, `CONTACTPLACE`, `ACTIVITIESPLACE`) 
VALUES ('LO20', 'Tulipe', 'Pichincha', 'Quito', 'Nanegalito', '0995632147', 'Nadar,Caminar y comer');

INSERT INTO `heroku_e3e846e07a0fb3d`.`tourist` (`IDTOURIST`, `FIRSTNAMETOURIST`, `LASTNAMETOURIST`, `PASSWORDTOURIST`, `USERTOURIST`, `EMAILTOURIST`) 
VALUES ('1748741025', 'Daniel', 'Avila', 'dos12', 'dani78', 'daniel@hotmail.com');
INSERT INTO `heroku_e3e846e07a0fb3d`.`tourist` (`IDTOURIST`, `FIRSTNAMETOURIST`, `LASTNAMETOURIST`, `PASSWORDTOURIST`, `USERTOURIST`, `EMAILTOURIST`) 
VALUES ('1777889960', 'Sarahi', 'Buitron', 'camara87', 'sara32', 'sara14@gmail.com');
INSERT INTO `heroku_e3e846e07a0fb3d`.`tourist` (`IDTOURIST`, `FIRSTNAMETOURIST`, `LASTNAMETOURIST`, `PASSWORDTOURIST`, `USERTOURIST`, `EMAILTOURIST`) 
VALUES ('1703025109', 'Manuel', 'Campos', 'planta31', 'manuel14', 'manuel@outlook.com');
INSERT INTO `heroku_e3e846e07a0fb3d`.`tourist` (`IDTOURIST`, `FIRSTNAMETOURIST`, `LASTNAMETOURIST`, `PASSWORDTOURIST`, `USERTOURIST`, `EMAILTOURIST`) 
VALUES ('1736521028', 'Roberto', 'Jimenez', 'calle78', 'robert21', 'robert@hotmail.com');
INSERT INTO `heroku_e3e846e07a0fb3d`.`tourist` (`IDTOURIST`, `FIRSTNAMETOURIST`, `LASTNAMETOURIST`, `PASSWORDTOURIST`, `USERTOURIST`, `EMAILTOURIST`) 
VALUES ('1742563025', 'Felix', 'Revelo', 'cancha75', 'felix20', 'felix45@outlook.com');

INSERT INTO `heroku_e3e846e07a0fb3d`.`tourguide` (`IDTOURGUIDE`, `FIRSTNAMETOURGUIDE`, `LASTNAMETOURGUIDE`) VALUES ('1702563695', 'Isabel', 'Perez');
INSERT INTO `heroku_e3e846e07a0fb3d`.`tourguide` (`IDTOURGUIDE`, `FIRSTNAMETOURGUIDE`, `LASTNAMETOURGUIDE`) VALUES ('1725023698', 'Alex', 'Viera');
INSERT INTO `heroku_e3e846e07a0fb3d`.`tourguide` (`IDTOURGUIDE`, `FIRSTNAMETOURGUIDE`, `LASTNAMETOURGUIDE`) VALUES ('1745698203', 'Juan', 'Ochoa');
INSERT INTO `heroku_e3e846e07a0fb3d`.`tourguide` (`IDTOURGUIDE`, `FIRSTNAMETOURGUIDE`, `LASTNAMETOURGUIDE`) VALUES ('1752036985', 'John', 'Flores');
INSERT INTO `heroku_e3e846e07a0fb3d`.`tourguide` (`IDTOURGUIDE`, `FIRSTNAMETOURGUIDE`, `LASTNAMETOURGUIDE`) VALUES ('1754103620', 'Daniela', 'Estrada');
INSERT INTO `heroku_e3e846e07a0fb3d`.`tourguide` (`IDTOURGUIDE`, `FIRSTNAMETOURGUIDE`, `LASTNAMETOURGUIDE`) VALUES ('1758963201', 'Micaela', 'Villa');
INSERT INTO `heroku_e3e846e07a0fb3d`.`tourguide` (`IDTOURGUIDE`, `FIRSTNAMETOURGUIDE`, `LASTNAMETOURGUIDE`) VALUES ('1744110026', 'Kathy', 'Lopez');
INSERT INTO `heroku_e3e846e07a0fb3d`.`tourguide` (`IDTOURGUIDE`, `FIRSTNAMETOURGUIDE`, `LASTNAMETOURGUIDE`) VALUES ('1700225584', 'Paul', 'Arana');
INSERT INTO `heroku_e3e846e07a0fb3d`.`tourguide` (`IDTOURGUIDE`, `FIRSTNAMETOURGUIDE`, `LASTNAMETOURGUIDE`) VALUES ('1769852255', 'Anita', 'Cadena');
INSERT INTO `heroku_e3e846e07a0fb3d`.`tourguide` (`IDTOURGUIDE`, `FIRSTNAMETOURGUIDE`, `LASTNAMETOURGUIDE`) VALUES ('1769988520', 'Paola', 'Pinto');

INSERT INTO `heroku_e3e846e07a0fb3d`.`restaurant` (`IDRESTAURANT`, `NAMERESTAURANT`, `ADDRESSRESTAURANT`, `OPENINGTIMERESTAURANT`, `CLOSINGTIMERESTAURANT`, `CONSUMPTIONTYPERESTAURANT`) 
VALUES ('WEQ125', 'Bambu', 'Pichincha', '08:30', '22:00', 'To serve');
INSERT INTO `heroku_e3e846e07a0fb3d`.`restaurant` (`IDRESTAURANT`, `NAMERESTAURANT`, `ADDRESSRESTAURANT`, `OPENINGTIMERESTAURANT`, `CLOSINGTIMERESTAURANT`, `CONSUMPTIONTYPERESTAURANT`) 
VALUES ('JHN698', 'La Chosita', 'El Oro', '09:00', '23:00', 'To serve');
INSERT INTO `heroku_e3e846e07a0fb3d`.`restaurant` (`IDRESTAURANT`, `NAMERESTAURANT`, `ADDRESSRESTAURANT`, `OPENINGTIMERESTAURANT`, `CLOSINGTIMERESTAURANT`, `CONSUMPTIONTYPERESTAURANT`) 
VALUES ('MCN874', 'El Rincon ', 'Pichincha', '07:30', '22:30', 'To serve');
INSERT INTO `heroku_e3e846e07a0fb3d`.`restaurant` (`IDRESTAURANT`, `NAMERESTAURANT`, `ADDRESSRESTAURANT`, `OPENINGTIMERESTAURANT`, `CLOSINGTIMERESTAURANT`, `CONSUMPTIONTYPERESTAURANT`) 
VALUES ('JHC569', 'Cafe Mosaico', 'Pichincha', '13:00', '23:00', 'To serve');
INSERT INTO `heroku_e3e846e07a0fb3d`.`restaurant` (`IDRESTAURANT`, `NAMERESTAURANT`, `ADDRESSRESTAURANT`, `OPENINGTIMERESTAURANT`, `CLOSINGTIMERESTAURANT`, `CONSUMPTIONTYPERESTAURANT`) 
VALUES ('OKP965', 'El Vental', 'Carchi', '16:00', '23:00', 'To serve');
INSERT INTO `heroku_e3e846e07a0fb3d`.`restaurant` (`IDRESTAURANT`, `NAMERESTAURANT`, `ADDRESSRESTAURANT`, `OPENINGTIMERESTAURANT`, `CLOSINGTIMERESTAURANT`, `CONSUMPTIONTYPERESTAURANT`) 
VALUES ('GBF985', 'La Huerta', 'Loja', '12:00', '23:00', 'To serve');
INSERT INTO `heroku_e3e846e07a0fb3d`.`restaurant` (`IDRESTAURANT`, `NAMERESTAURANT`, `ADDRESSRESTAURANT`, `OPENINGTIMERESTAURANT`, `CLOSINGTIMERESTAURANT`, `CONSUMPTIONTYPERESTAURANT`) 
VALUES ('MCG210', 'Gato Suco', 'Loja', '17:00', '24:00', 'To serve');
INSERT INTO `heroku_e3e846e07a0fb3d`.`restaurant` (`IDRESTAURANT`, `NAMERESTAURANT`, `ADDRESSRESTAURANT`, `OPENINGTIMERESTAURANT`, `CLOSINGTIMERESTAURANT`, `CONSUMPTIONTYPERESTAURANT`) 
VALUES ('YGT987', 'Donde Chema', 'Guayas', '12:00', '23:00', 'To serve');
INSERT INTO `heroku_e3e846e07a0fb3d`.`restaurant` (`IDRESTAURANT`, `NAMERESTAURANT`, `ADDRESSRESTAURANT`, `OPENINGTIMERESTAURANT`, `CLOSINGTIMERESTAURANT`, `CONSUMPTIONTYPERESTAURANT`) 
VALUES ('AKJ541', 'La Caponata', 'Guayas', '8:00', '23:00', 'To serve');
INSERT INTO `heroku_e3e846e07a0fb3d`.`restaurant` (`IDRESTAURANT`, `NAMERESTAURANT`, `ADDRESSRESTAURANT`, `OPENINGTIMERESTAURANT`, `CLOSINGTIMERESTAURANT`, `CONSUMPTIONTYPERESTAURANT`) 
VALUES ('IOJ102', 'La Magdalena', 'Manabi', '8:00', '23:00', 'To serve');


INSERT INTO `heroku_e3e846e07a0fb3d`.`roadmap_places` (`IDROADMAP_PLACES`, `IDPLACE`, `IDPROVINCERP`) VALUES ('12AS', 'AB12', '1');
INSERT INTO `heroku_e3e846e07a0fb3d`.`roadmap_places` (`IDROADMAP_PLACES`, `IDPLACE`, `IDPROVINCERP`) VALUES ('25WE', 'CD34', '1');
INSERT INTO `heroku_e3e846e07a0fb3d`.`roadmap_places` (`IDROADMAP_PLACES`, `IDPLACE`, `IDPROVINCERP`) VALUES ('87GW', 'ED25', '3');
INSERT INTO `heroku_e3e846e07a0fb3d`.`roadmap_places` (`IDROADMAP_PLACES`, `IDPLACE`, `IDPROVINCERP`) VALUES ('09HB', 'QW85', '3');
INSERT INTO `heroku_e3e846e07a0fb3d`.`roadmap_places` (`IDROADMAP_PLACES`, `IDPLACE`, `IDPROVINCERP`) VALUES ('85TY', 'VF85', '5');
INSERT INTO `heroku_e3e846e07a0fb3d`.`roadmap_places` (`IDROADMAP_PLACES`, `IDPLACE`, `IDPROVINCERP`) VALUES ('14RT', 'HJ47', '4');
INSERT INTO `heroku_e3e846e07a0fb3d`.`roadmap_places` (`IDROADMAP_PLACES`, `IDPLACE`, `IDPROVINCERP`) VALUES ('09MN', 'JU69', '2');
INSERT INTO `heroku_e3e846e07a0fb3d`.`roadmap_places` (`IDROADMAP_PLACES`, `IDPLACE`, `IDPROVINCERP`) VALUES ('45MJ', 'TY87', '1');
INSERT INTO `heroku_e3e846e07a0fb3d`.`roadmap_places` (`IDROADMAP_PLACES`, `IDPLACE`, `IDPROVINCERP`) VALUES ('12WE', 'BG63', '2');
INSERT INTO `heroku_e3e846e07a0fb3d`.`roadmap_places` (`IDROADMAP_PLACES`, `IDPLACE`, `IDPROVINCERP`) VALUES ('98PL', 'LO20', '1');